Model,Total Compile Time,Total Sample Size,Compile Time Per Sample,train-accuracy_score,test-accuracy_score,train-precision_score,test-precision_score,train-recall_score,test-recall_score,train-f1_score,test-f1_score,train-time,test-time
RandomForestClassifier,26.247496843338013,80716,0.00032518331982925335,1.0,0.9735890193746594,1.0,0.9665525696417783,1.0,0.9728664371826848,1.0,0.9696155093428102,1.4268753520206191e-06,5.706935776903835e-06
KNeighborsClassifier,0.011737823486328125,80716,1.4542127318410383e-07,0.9994672679518312,0.6789554531490015,0.9993677223942758,0.5850606551373458,0.9993789914111317,0.5339754038494879,0.999373356658694,0.507912674250782,1.3332648381020022e-05,5.332530829604143e-05
DecisionTreeClassifier,1.766679048538208,80716,2.1887594139181924e-05,1.0,0.9625390218522373,1.0,0.9550181514430686,1.0,0.9586028336698461,1.0,0.9567795102319412,3.105325489487495e-08,1.2420070968211322e-07
