Model,Total Compile Time,Total Sample Size,Compile Time Per Sample,train-accuracy_score,val-accuracy_score,test-accuracy_score,train-precision_score,val-precision_score,test-precision_score,train-recall_score,val-recall_score,test-recall_score,train-f1_score,val-f1_score,test-f1_score,train-time,val-time,test-time
Nearest Neighbors,0:00:00.188455,60538,3.1130034028213686e-06,0.7171033070137764,0.6042420337975123,0.6063429137760159,0.6673583794158447,0.4316447807930723,0.4318255908132946,0.5890729687206525,0.46151892213459134,0.46049901313143843,0.5877130905955691,0.4321366290255878,0.4331746966569107,2.1415210281145728e-05,2.1505872441647258e-05,2.1486422200198214e-05
