Model,Total Compile Time,Total Sample Size,Compile Time Per Sample,train-accuracy_score,val-accuracy_score,test-accuracy_score,train-precision_score,val-precision_score,test-precision_score,train-recall_score,val-recall_score,test-recall_score,train-f1_score,val-f1_score,test-f1_score,train-time,val-time,test-time
Nearest Neighbors,0:00:00.201001,60538,3.3202451352869273e-06,0.7171033070137764,0.6042420337975123,0.6063429137760159,0.6673583794158447,0.4316447807930723,0.4318255908132946,0.5890729687206525,0.46151892213459134,0.46049901313143843,0.5877130905955691,0.4321366290255878,0.4331746966569107,2.144106181241534e-05,2.0764160761187372e-05,2.066451932606541e-05
