Model,Total Compile Time,Total Sample Size,Compile Time Per Sample,train-accuracy_score,val-accuracy_score,test-accuracy_score,train-precision_score,val-precision_score,test-precision_score,train-recall_score,val-recall_score,test-recall_score,train-f1_score,val-f1_score,test-f1_score,train-time,val-time,test-time
Nearest Neighbors,0:00:00.192490,60538,3.1796557534110805e-06,0.7171033070137764,0.6042420337975123,0.6063429137760159,0.6673583794158447,0.4316447807930723,0.4318255908132946,0.5890729687206525,0.46151892213459134,0.46049901313143843,0.5877130905955691,0.4321366290255878,0.4331746966569107,2.23643331461231e-05,2.2394915506219336e-05,2.2358275520317144e-05
Decision Tree,0:00:02.095038,60538,3.4606990650500516e-05,1.0,0.8662966450270083,0.8662041625371655,1.0,0.8424506087094599,0.840497912905499,1.0,0.8470139856048503,0.8464069226941899,1.0,0.8446600350015327,0.8433357303854097,2.468697347120817e-07,2.477823479855295e-07,2.4762140733399405e-07
Random Forest,0:00:25.689007,60538,0.0004243451551091876,1.0,0.8650577332870806,0.8732903865213082,1.0,0.8580278088301811,0.8660058577707699,1.0,0.8174193897308434,0.8264634365766453,1.0,0.8333140717854939,0.8423068316171682,2.043582543196009e-05,2.1681698795777788e-05,2.1358473736372648e-05
Neural Net,0:00:02.520271,60538,4.163122336383759e-05,0.6908883676368562,0.6905198473660736,0.6956888007928642,0.5808621679199214,0.6265607176511432,0.5479543763947434,0.5004248799182528,0.5004691255535071,0.500168291383356,0.41024193046677665,0.4098546675649654,0.41121280473314176,4.957877696653342e-07,5.001238911739928e-07,3.971754212091179e-07
